word, counts, imageurl
China,5,https://www.flickr.com/photos/97403714@N02/31391029402
Japan,3,https://www.flickr.com/photos/147013824@N08/31477744865
Italy,2,https://www.flickr.com/photos/40385611@N08/31436519411
Indonesia,2,https://www.flickr.com/photos/130036773@N05/30705331190
Jordan,2,https://www.flickr.com/photos/129729506@N06/30154788555
Russia,2,https://www.flickr.com/photos/145533927@N03/31475800375
Georgia,1,https://www.flickr.com/photos/137482334@N02/25308224469
Iran,1,https://www.flickr.com/photos/41622708@N00/31122407116
Australia,1,https://www.flickr.com/photos/133811292@N05/31189687742
India,1,https://www.flickr.com/photos/148888096@N05/30632924733
Latvia,1,https://www.flickr.com/photos/146726584@N08/31062687311
France,1,https://www.flickr.com/photos/40936370@N00/31527743575
